{
  "modality_key": "ctscan",
  "labels": [
    "adenocarcinoma_left.lower.lobe_T2_N0_M0_Ib",
    "large.cell.carcinoma_left.hilum_T2_N2_M0_IIIa",
    "normal",
    "squamous.cell.carcinoma_left.hilum_T1_N2_M0_IIIa"
  ],
  "architecture": "efficientnet_b0",
  "image_size": 224,
  "best_val_accuracy": 0.9193548387096774,
  "best_epoch": 7,
  "dataset_dir": "C:\\Users\\Harshith Kumar\\OneDrive\\Desktop\\Predictive analytics for disease outbreaks\\dataset\\Data",
  "training_seconds": 65.18,
  "version": "1.0.0",
  "test_metrics": {
    "accuracy": 0.8810408921933085,
    "classification_report": {
      "adenocarcinoma_left.lower.lobe_T2_N0_M0_Ib": {
        "precision": 0.8688524590163934,
        "recall": 0.8833333333333333,
        "f1-score": 0.8760330578512396,
        "support": 120.0
      },
      "large.cell.carcinoma_left.hilum_T2_N2_M0_IIIa": {
        "precision": 0.8913043478260869,
        "recall": 0.803921568627451,
        "f1-score": 0.845360824742268,
        "support": 51.0
      },
      "normal": {
        "precision": 1.0,
        "recall": 0.75,
        "f1-score": 0.8571428571428571,
        "support": 8.0
      },
      "squamous.cell.carcinoma_left.hilum_T1_N2_M0_IIIa": {
        "precision": 0.8842105263157894,
        "recall": 0.9333333333333333,
        "f1-score": 0.9081081081081082,
        "support": 90.0
      },
      "accuracy": 0.8810408921933085,
      "macro avg": {
        "precision": 0.9110918332895674,
        "recall": 0.8426470588235295,
        "f1-score": 0.8716612119611182,
        "support": 269.0
      },
      "weighted avg": {
        "precision": 0.8821478222658689,
        "recall": 0.8810408921933085,
        "f1-score": 0.8803875152077213,
        "support": 269.0
      }
    },
    "confusion_matrix": [
      [
        106,
        3,
        0,
        11
      ],
      [
        10,
        41,
        0,
        0
      ],
      [
        2,
        0,
        6,
        0
      ],
      [
        4,
        2,
        0,
        84
      ]
    ]
  }
}