{
  "modality_key": "mri",
  "labels": [
    "glioma",
    "meningioma",
    "notumor",
    "pituitary"
  ],
  "architecture": "resnet18",
  "image_size": 224,
  "best_val_accuracy": 0.9791154791154791,
  "best_epoch": 3,
  "dataset_dir": "C:\\Users\\Harshith Kumar\\OneDrive\\Desktop\\Predictive analytics for disease outbreaks\\dataset\\mri",
  "training_seconds": 177.96,
  "version": "1.0.0",
  "test_metrics": {
    "accuracy": 0.9412878787878788,
    "classification_report": {
      "glioma": {
        "precision": 0.9694189602446484,
        "recall": 0.8212435233160622,
        "f1-score": 0.8892005610098177,
        "support": 386.0
      },
      "meningioma": {
        "precision": 0.8789954337899544,
        "recall": 0.9673366834170855,
        "f1-score": 0.9210526315789473,
        "support": 398.0
      },
      "notumor": {
        "precision": 0.9474940334128878,
        "recall": 0.9925,
        "f1-score": 0.9694749694749695,
        "support": 400.0
      },
      "pituitary": {
        "precision": 0.98,
        "recall": 0.98,
        "f1-score": 0.98,
        "support": 400.0
      },
      "accuracy": 0.9412878787878788,
      "macro avg": {
        "precision": 0.9439771068618726,
        "recall": 0.9402700516832869,
        "f1-score": 0.9399320405159336,
        "support": 1584.0
      },
      "weighted avg": {
        "precision": 0.9438342895631257,
        "recall": 0.9412878787878788,
        "f1-score": 0.9404042624420446,
        "support": 1584.0
      }
    },
    "confusion_matrix": [
      [
        317,
        43,
        22,
        4
      ],
      [
        9,
        385,
        0,
        4
      ],
      [
        0,
        3,
        397,
        0
      ],
      [
        1,
        7,
        0,
        392
      ]
    ]
  }
}